Cell line,Experiment,Rep1,Rep2,Rep3,Average,SD
RMG-II,Parental,,1,1,1,0
RMG-II,NTC,,1.04566985,0.860985598,0.953327724,0.130591487
RMG-II,PPP1R3B KD,,0.185041686,0.465003221,0.325022453,0.1979627
JHOC5,Parental,1,1,1,1,0
JHOC5,NTC,1.048560545,1.151043298,1.135471717,1.111691854,0.055224905
JHOC5,PPP1R3B KD,0.35333025,0.106819762,0.495796862,0.318648958,0.19679403