Cell line,Experiment,16-Jan,30-Jan,13-Feb,Average,SD
RMG-II,Parental,,1,1,1.00,0
RMG-II,NTC,,1.545228844,1.156743621,1.35,0.274700535
RMG-II,PPP1R3B KD,,0.196844869,0.37181045,0.28,0.123719349
JHOC5,Parental,1,1,1,1.00,0
JHOC5,NTC,0.888258897,0.855452672,1.645734597,1.13,0.447100139
JHOC5,PPP1R3B KD,0.121792173,0.126419274,0.287914692,0.18,0.094603445